{
  "all_devices_selected": {
    "precision": 0.975609756097561,
    "recall": 1.0,
    "f1-score": 0.9876543209876543,
    "support": 40,
    "confused_with": {}
  },
  "device_type": {
    "precision": 0.995,
    "recall": 1.0,
    "f1-score": 0.9974937343358395,
    "support": 199,
    "confused_with": {}
  },
  "device_state": {
    "precision": 1.0,
    "recall": 1.0,
    "f1-score": 1.0,
    "support": 4,
    "confused_with": {}
  },
  "room_name": {
    "precision": 1.0,
    "recall": 1.0,
    "f1-score": 1.0,
    "support": 322,
    "confused_with": {}
  },
  "light_color": {
    "precision": 1.0,
    "recall": 1.0,
    "f1-score": 1.0,
    "support": 29,
    "confused_with": {}
  },
  "temperature": {
    "precision": 1.0,
    "recall": 1.0,
    "f1-score": 1.0,
    "support": 76,
    "confused_with": {}
  },
  "micro avg": {
    "precision": 0.9970238095238095,
    "recall": 1.0,
    "f1-score": 0.9985096870342772,
    "support": 670
  },
  "macro avg": {
    "precision": 0.9951016260162602,
    "recall": 1.0,
    "f1-score": 0.997524675887249,
    "support": 670
  },
  "weighted avg": {
    "precision": 0.9970587914088096,
    "recall": 1.0,
    "f1-score": 0.9985185462273706,
    "support": 670
  },
  "accuracy": 0.9994943109987358
}